{
  "admin": {
    "meta": "https://raw.githubusercontent.com/ioBroker/ioBroker.admin/master/io-package.json",
    "icon": "https://raw.githubusercontent.com/ioBroker/ioBroker.admin/master/admin/admin.png",
    "type": "general",
    "version": "3.6.2"
  },
  "alexa2": {
    "meta": "https://raw.githubusercontent.com/Apollon77/ioBroker.alexa2/master/io-package.json",
    "icon": "https://raw.githubusercontent.com/Apollon77/ioBroker.alexa2/master/admin/alexa.png",
    "type": "iot-systems",
    "version": "2.6.4"
  },
  "alpha2": {
    "meta": "https://raw.githubusercontent.com/Eisbaeeer/ioBroker.alpha2/master/io-package.json",
    "icon": "https://raw.githubusercontent.com/Eisbaeeer/ioBroker.alpha2/master/admin/mh-logo.png",
    "type": "climate-control",
    "version": "1.0.0"
  },
  "amazon-dash": {
    "meta": "https://raw.githubusercontent.com/PArns/ioBroker.amazon-dash/master/io-package.json",
    "icon": "https://raw.githubusercontent.com/PArns/ioBroker.amazon-dash/master/admin/amazon-dash.png",
    "type": "hardware",
    "version": "0.3.1"
  },
  "artnet": {
    "meta": "https://raw.githubusercontent.com/ioBroker/ioBroker.artnet/master/io-package.json",
    "icon": "https://raw.githubusercontent.com/ioBroker/ioBroker.artnet/master/admin/artnet.png",
    "type": "lighting",
    "version": "1.0.0"
  },
  "asterisk": {
    "meta": "https://raw.githubusercontent.com/schmupu/ioBroker.asterisk/master/io-package.json",
    "icon": "https://raw.githubusercontent.com/schmupu/ioBroker.asterisk/master/admin/asterisk.png",
    "type": "communication",
    "version": "1.0.6"
  },
  "asuswrt": {
    "meta": "https://raw.githubusercontent.com/mcdhrts/ioBroker.asuswrt/master/io-package.json",
    "icon": "https://raw.githubusercontent.com/mcdhrts/ioBroker.asuswrt/master/admin/asuswrt.png",
    "type": "hardware",
    "version": "1.0.1"
  },
  "b-control-em": {
    "meta": "https://raw.githubusercontent.com/ioBroker/ioBroker.b-control-em/master/io-package.json",
    "icon": "https://raw.githubusercontent.com/ioBroker/ioBroker.b-control-em/master/admin/bcontrol.png",
    "type": "energy",
    "version": "0.2.1"
  },
  "backitup": {
    "meta": "https://raw.githubusercontent.com/simatec/ioBroker.backitup/master/io-package.json",
    "icon": "https://raw.githubusercontent.com/simatec/ioBroker.backitup/master/admin/backitup.png",
    "type": "general",
    "version": "1.2.0"
  },
  "beckhoff": {
    "meta": "https://raw.githubusercontent.com/dkleber89/ioBroker.beckhoff/master/io-package.json",
    "icon": "https://raw.githubusercontent.com/dkleber89/ioBroker.beckhoff/master/admin/beckhoff.png",
    "type": "hardware",
    "version": "1.0.6"
  },
  "benq": {
    "meta": "https://raw.githubusercontent.com/instalator/ioBroker.benq/master/io-package.json",
    "icon": "https://raw.githubusercontent.com/instalator/ioBroker.benq/master/admin/benq.png",
    "type": "multimedia",
    "version": "0.2.0"
  },
  "ble": {
    "meta": "https://raw.githubusercontent.com/AlCalzone/ioBroker.ble/master/io-package.json",
    "icon": "https://raw.githubusercontent.com/AlCalzone/ioBroker.ble/master/admin/ble.png",
    "type": "hardware",
    "version": "0.7.2"
  },
  "bmw": {
    "meta": "https://raw.githubusercontent.com/frankjoke/ioBroker.bmw/master/io-package.json",
    "icon": "https://raw.githubusercontent.com/frankjoke/ioBroker.bmw/master/admin/bmw.png",
    "type": "hardware",
    "version": "1.3.3"
  },
  "bosesoundtouch": {
    "meta": "https://raw.githubusercontent.com/SwedishChef1/ioBroker.bosesoundtouch/master/io-package.json",
    "icon": "https://raw.githubusercontent.com/SwedishChef1/ioBroker.bosesoundtouch/master/admin/bosesoundtouch.png",
    "type": "multimedia",
    "version": "0.2.4"
  },
  "botvac": {
    "meta": "https://raw.githubusercontent.com/Pmant/ioBroker.botvac/master/io-package.json",
    "icon": "https://raw.githubusercontent.com/Pmant/ioBroker.botvac/master/admin/botvac.png",
    "type": "household",
    "version": "1.0.0"
  },
  "bring": {
    "meta": "https://raw.githubusercontent.com/foxriver76/ioBroker.bring/master/io-package.json",
    "icon": "https://raw.githubusercontent.com/foxriver76/ioBroker.bring/master/admin/bring.png",
    "type": "household",
    "version": "1.4.0"
  },
  "broadlink2": {
    "meta": "https://raw.githubusercontent.com/frankjoke/ioBroker.broadlink2/master/io-package.json",
    "icon": "https://raw.githubusercontent.com/frankjoke/ioBroker.broadlink2/master/admin/broadlink.png",
    "type": "iot-systems",
    "version": "1.8.0"
  },
  "chromecast": {
    "meta": "https://raw.githubusercontent.com/angelnu/ioBroker.chromecast/master/io-package.json",
    "icon": "https://raw.githubusercontent.com/angelnu/ioBroker.chromecast/master/admin/chromecast.png",
    "type": "multimedia",
    "version": "2.2.3"
  },
  "cloud": {
    "meta": "https://raw.githubusercontent.com/ioBroker/ioBroker.cloud/master/io-package.json",
    "icon": "https://raw.githubusercontent.com/ioBroker/ioBroker.cloud/master/admin/cloud.png",
    "type": "communication",
    "version": "2.6.2"
  },
  "comfoair": {
    "meta": "https://raw.githubusercontent.com/forelleblau/ioBroker.comfoair/master/io-package.json",
    "icon": "https://raw.githubusercontent.com/forelleblau/ioBroker.comfoair/master/admin/comfoair.png",
    "type": "climate-control",
    "version": "0.3.2"
  },
  "contactid": {
    "meta": "https://raw.githubusercontent.com/schmupu/ioBroker.contactid/master/io-package.json",
    "icon": "https://raw.githubusercontent.com/schmupu/ioBroker.contactid/master/admin/contactid.png",
    "type": "alarm",
    "version": "1.0.0"
  },
  "countdown": {
    "meta": "https://raw.githubusercontent.com/jack-blackson/ioBroker.countdown/master/io-package.json",
    "icon": "https://raw.githubusercontent.com/jack-blackson/ioBroker.countdown/master/admin/countdown.png",
    "type": "date-and-time",
    "version": "1.0.4"
  },
  "cul": {
    "meta": "https://raw.githubusercontent.com/ioBroker/ioBroker.cul/master/io-package.json",
    "icon": "https://raw.githubusercontent.com/ioBroker/ioBroker.cul/master/admin/busware.jpg",
    "type": "iot-systems",
    "version": "0.4.0"
  },
  "daikin": {
    "meta": "https://raw.githubusercontent.com/Apollon77/ioBroker.daikin/master/io-package.json",
    "icon": "https://raw.githubusercontent.com/Apollon77/ioBroker.daikin/master/admin/daikin.jpg",
    "type": "climate-control",
    "version": "1.0.5"
  },
  "daswetter": {
    "meta": "https://raw.githubusercontent.com/rg-engineering/ioBroker.daswetter/master/io-package.json",
    "icon": "https://raw.githubusercontent.com/rg-engineering/ioBroker.daswetter/master/admin/daswettercom.png",
    "type": "weather",
    "version": "2.8.0"
  },
  "deconz": {
    "meta": "https://raw.githubusercontent.com/iobroker-community-adapters/ioBroker.deconz/master/io-package.json",
    "icon": "https://raw.githubusercontent.com/iobroker-community-adapters/ioBroker.deconz/master/admin/deconz.png",
    "type": "hardware",
    "version": "1.1.2"
  },
  "denon": {
    "meta": "https://raw.githubusercontent.com/foxriver76/ioBroker.denon/master/io-package.json",
    "icon": "https://raw.githubusercontent.com/foxriver76/ioBroker.denon/master/admin/denon.png",
    "type": "multimedia",
    "version": "1.5.1"
  },
  "discovergy": {
    "meta": "https://raw.githubusercontent.com/iobroker-community-adapters/ioBroker.discovergy/master/io-package.json",
    "icon": "https://raw.githubusercontent.com/iobroker-community-adapters/ioBroker.discovergy/master/admin/discovergy.png",
    "type": "energy",
    "version": "0.4.0"
  },
  "discovery": {
    "meta": "https://raw.githubusercontent.com/ioBroker/ioBroker.discovery/master/io-package.json",
    "icon": "https://raw.githubusercontent.com/ioBroker/ioBroker.discovery/master/admin/discovery.png",
    "type": "general",
    "version": "1.3.0"
  },
  "dwd": {
    "meta": "https://raw.githubusercontent.com/ioBroker/ioBroker.dwd/master/io-package.json",
    "icon": "https://raw.githubusercontent.com/ioBroker/ioBroker.dwd/master/admin/dwd.png",
    "type": "weather",
    "version": "2.4.3"
  },
  "ebus": {
    "meta": "https://raw.githubusercontent.com/rg-engineering/ioBroker.ebus/master/io-package.json",
    "icon": "https://raw.githubusercontent.com/rg-engineering/ioBroker.ebus/master/admin/ebus.png",
    "type": "hardware",
    "version": "0.8.0"
  },
  "egigeozone": {
    "meta": "https://raw.githubusercontent.com/BasGo/ioBroker.egigeozone/master/io-package.json",
    "icon": "https://raw.githubusercontent.com/BasGo/ioBroker.egigeozone/master/admin/egigeozone.png",
    "type": "geoposition",
    "version": "0.1.2"
  },
  "ekey": {
    "meta": "https://raw.githubusercontent.com/ioBroker/ioBroker.ekey/master/io-package.json",
    "icon": "https://raw.githubusercontent.com/ioBroker/ioBroker.ekey/master/admin/ekey.png",
    "type": "hardware",
    "version": "1.1.0"
  },
  "email": {
    "meta": "https://raw.githubusercontent.com/iobroker-community-adapters/ioBroker.email/master/io-package.json",
    "icon": "https://raw.githubusercontent.com/iobroker-community-adapters/ioBroker.email/master/admin/email.png",
    "type": "messaging",
    "version": "1.0.4"
  },
  "emby": {
    "meta": "https://raw.githubusercontent.com/thewhobox/ioBroker.emby/master/io-package.json",
    "icon": "https://raw.githubusercontent.com/thewhobox/ioBroker.emby/master/admin/emby.png",
    "type": "multimedia",
    "version": "0.1.2"
  },
  "energymanager": {
    "meta": "https://raw.githubusercontent.com/unltdnetworx/ioBroker.energymanager/master/io-package.json",
    "icon": "https://raw.githubusercontent.com/unltdnetworx/ioBroker.energymanager/master/admin/energymanager.png",
    "type": "energy",
    "version": "1.2.1"
  },
  "enet": {
    "meta": "https://raw.githubusercontent.com/SebastianSchultz/ioBroker.enet/master/io-package.json",
    "icon": "https://raw.githubusercontent.com/SebastianSchultz/ioBroker.enet/master/admin/enet.png",
    "type": "iot-systems",
    "version": "1.0.1"
  },
  "epson_stylus_px830": {
    "meta": "https://raw.githubusercontent.com/Pix---/ioBroker.epson_stylus_px830/master/io-package.json",
    "icon": "https://raw.githubusercontent.com/Pix---/ioBroker.epson_stylus_px830/master/admin/epson_stylus_px830.png",
    "type": "infrastructure",
    "version": "0.2.1"
  },
  "fakeroku": {
    "meta": "https://raw.githubusercontent.com/Pmant/ioBroker.fakeroku/master/io-package.json",
    "icon": "https://raw.githubusercontent.com/Pmant/ioBroker.fakeroku/master/admin/fakeroku.png",
    "type": "multimedia",
    "version": "0.2.1"
  },
  "feiertage": {
    "meta": "https://raw.githubusercontent.com/Pix---/ioBroker.feiertage/master/io-package.json",
    "icon": "https://raw.githubusercontent.com/Pix---/ioBroker.feiertage/master/admin/feiertage.png",
    "type": "date-and-time",
    "version": "1.0.11"
  },
  "fhem": {
    "meta": "https://raw.githubusercontent.com/iobroker-community-adapters/ioBroker.fhem/master/io-package.json",
    "icon": "https://raw.githubusercontent.com/iobroker-community-adapters/ioBroker.fhem/master/admin/fhem.png",
    "type": "iot-systems",
    "version": "1.3.0"
  },
  "find-my-iphone": {
    "meta": "https://raw.githubusercontent.com/soef/ioBroker.find-my-iphone/master/io-package.json",
    "icon": "https://raw.githubusercontent.com/soef/ioBroker.find-my-iphone/master/admin/find-my-iphone.png",
    "type": "geoposition",
    "version": "0.2.15"
  },
  "firetv": {
    "meta": "https://raw.githubusercontent.com/soef/ioBroker.firetv/master/io-package.json",
    "icon": "https://raw.githubusercontent.com/soef/ioBroker.firetv/master/admin/firetv.png",
    "type": "multimedia",
    "version": "0.0.27"
  },
  "flot": {
    "meta": "https://raw.githubusercontent.com/ioBroker/ioBroker.flot/master/io-package.json",
    "icon": "https://raw.githubusercontent.com/ioBroker/ioBroker.flot/master/admin/flot.png",
    "type": "visualization",
    "version": "1.9.2"
  },
  "foobar2000": {
    "meta": "https://raw.githubusercontent.com/instalator/ioBroker.foobar2000/master/io-package.json",
    "icon": "https://raw.githubusercontent.com/instalator/ioBroker.foobar2000/master/admin/foobar2000.png",
    "type": "multimedia",
    "version": "1.0.0"
  },
  "fritzbox": {
    "meta": "https://raw.githubusercontent.com/ruhr70/ioBroker.fritzbox/master/io-package.json",
    "icon": "https://raw.githubusercontent.com/ruhr70/ioBroker.fritzbox/master/admin/fritzbox.png",
    "type": "infrastructure",
    "version": "0.2.1"
  },
  "fritzdect": {
    "meta": "https://raw.githubusercontent.com/foxthefox/ioBroker.fritzdect/master/io-package.json",
    "icon": "https://raw.githubusercontent.com/foxthefox/ioBroker.fritzdect/master/admin/fritzdect_logo.png",
    "type": "hardware",
    "version": "0.1.4"
  },
  "fronius": {
    "meta": "https://raw.githubusercontent.com/iobroker-community-adapters/ioBroker.fronius/master/io-package.json",
    "icon": "https://raw.githubusercontent.com/iobroker-community-adapters/ioBroker.fronius/master/admin/fronius.png",
    "type": "energy",
    "version": "1.0.5"
  },
  "fullcalendar": {
    "meta": "https://raw.githubusercontent.com/ioBroker/ioBroker.fullcalendar/master/io-package.json",
    "icon": "https://raw.githubusercontent.com/ioBroker/ioBroker.fullcalendar/master/admin/fullcalendar.png",
    "type": "date-and-time",
    "version": "0.2.4"
  },
  "fullybrowser": {
    "meta": "https://raw.githubusercontent.com/arteck/ioBroker.fullybrowser/master/io-package.json",
    "icon": "https://raw.githubusercontent.com/arteck/ioBroker.fullybrowser/master/admin/fully.png",
    "type": "utility",
    "version": "1.0.0"
  },
  "g-homa": {
    "meta": "https://raw.githubusercontent.com/AlCalzone/ioBroker.g-homa/master/io-package.json",
    "icon": "https://raw.githubusercontent.com/AlCalzone/ioBroker.g-homa/master/admin/g-homa.png",
    "type": "iot-systems",
    "version": "0.4.0"
  },
  "geofency": {
    "meta": "https://raw.githubusercontent.com/ioBroker/ioBroker.geofency/master/io-package.json",
    "icon": "https://raw.githubusercontent.com/ioBroker/ioBroker.geofency/master/admin/geofency.png",
    "type": "geoposition",
    "version": "0.3.2"
  },
  "gruenbeck": {
    "meta": "https://raw.githubusercontent.com/TA2k/ioBroker.gruenbeck/master/io-package.json",
    "icon": "https://raw.githubusercontent.com/TA2k/ioBroker.gruenbeck/master/admin/gruenbeck.png",
    "type": "household",
    "version": "0.0.12"
  },
  "habpanel": {
    "meta": "https://raw.githubusercontent.com/iobroker-community-adapters/ioBroker.habpanel/master/io-package.json",
    "icon": "https://raw.githubusercontent.com/iobroker-community-adapters/ioBroker.habpanel/master/admin/habpanel.png",
    "type": "visualization",
    "version": "0.3.4"
  },
  "haier": {
    "meta": "https://raw.githubusercontent.com/instalator/ioBroker.haier/master/io-package.json",
    "icon": "https://raw.githubusercontent.com/instalator/ioBroker.haier/master/admin/haier.png",
    "type": "climate-control",
    "version": "1.0.2"
  },
  "ham": {
    "meta": "https://raw.githubusercontent.com/ioBroker/ioBroker.ham/master/io-package.json",
    "icon": "https://raw.githubusercontent.com/ioBroker/ioBroker.ham/master/admin/ham.png",
    "type": "iot-systems",
    "version": "1.1.2"
  },
  "ham-wemo": {
    "meta": "https://raw.githubusercontent.com/ioBroker/ioBroker.ham-wemo/master/io-package.json",
    "icon": "https://raw.githubusercontent.com/ioBroker/ioBroker.ham-wemo/master/admin/ham-wemo.png",
    "type": "iot-systems",
    "version": "1.0.1"
  },
  "harmony": {
    "meta": "https://raw.githubusercontent.com/Pmant/ioBroker.harmony/master/io-package.json",
    "icon": "https://raw.githubusercontent.com/Pmant/ioBroker.harmony/master/admin/harmony.png",
    "type": "multimedia",
    "version": "1.2.2"
  },
  "heytech": {
    "meta": "https://raw.githubusercontent.com/Jey-Cee/ioBroker.heytech/master/io-package.json",
    "icon": "https://raw.githubusercontent.com/Jey-Cee/ioBroker.heytech/master/admin/heytech.png",
    "type": "hardware",
    "version": "0.1.4"
  },
  "hid": {
    "meta": "https://raw.githubusercontent.com/soef/ioBroker.hid/master/io-package.json",
    "icon": "https://raw.githubusercontent.com/soef/ioBroker.hid/master/admin/hid.png",
    "type": "utility",
    "version": "0.1.17"
  },
  "history": {
    "meta": "https://raw.githubusercontent.com/ioBroker/ioBroker.history/master/io-package.json",
    "icon": "https://raw.githubusercontent.com/ioBroker/ioBroker.history/master/admin/history.png",
    "type": "storage",
    "version": "1.8.6"
  },
  "hm-rega": {
    "meta": "https://raw.githubusercontent.com/ioBroker/ioBroker.hm-rega/master/io-package.json",
    "icon": "https://raw.githubusercontent.com/ioBroker/ioBroker.hm-rega/master/admin/homematic.png",
    "type": "iot-systems",
    "version": "2.4.0"
  },
  "hm-rpc": {
    "meta": "https://raw.githubusercontent.com/ioBroker/ioBroker.hm-rpc/master/io-package.json",
    "icon": "https://raw.githubusercontent.com/ioBroker/ioBroker.hm-rpc/master/admin/homematic.png",
    "type": "iot-systems",
    "version": "1.9.15"
  },
  "hmip": {
    "meta": "https://raw.githubusercontent.com/iobroker-community-adapters/ioBroker.hmip/master/io-package.json",
    "icon": "https://raw.githubusercontent.com/iobroker-community-adapters/ioBroker.hmip/master/admin/homematic.png",
    "type": "hardware",
    "version": "0.0.11"
  },
  "homeconnect": {
    "meta": "https://raw.githubusercontent.com/dna909/ioBroker.homeconnect/master/io-package.json",
    "icon": "https://raw.githubusercontent.com/dna909/ioBroker.homeconnect/master/admin/homeconnect.png",
    "type": "household",
    "version": "0.0.24"
  },
  "homee": {
    "meta": "https://raw.githubusercontent.com/Apollon77/ioBroker.homee/master/io-package.json",
    "icon": "https://raw.githubusercontent.com/Apollon77/ioBroker.homee/master/admin/homee.png",
    "type": "iot-systems",
    "version": "0.3.1"
  },
  "homepilot": {
    "meta": "https://raw.githubusercontent.com/Pix---/ioBroker.homepilot/master/io-package.json",
    "icon": "https://raw.githubusercontent.com/Pix---/ioBroker.homepilot/master/admin/homepilot.png",
    "type": "iot-systems",
    "version": "1.0.3"
  },
  "hp-ilo": {
    "meta": "https://raw.githubusercontent.com/SebastianSchultz/ioBroker.hp-ilo/master/io-package.json",
    "icon": "https://raw.githubusercontent.com/SebastianSchultz/ioBroker.hp-ilo/master/admin/hp-ilo.png",
    "type": "hardware",
    "version": "1.0.1"
  },
  "hs100": {
    "meta": "https://raw.githubusercontent.com/arteck/ioBroker.hs100/master/io-package.json",
    "icon": "https://raw.githubusercontent.com/arteck/ioBroker.hs100/master/admin/hs100.png",
    "type": "hardware",
    "version": "1.0.10"
  },
  "hue": {
    "meta": "https://raw.githubusercontent.com/iobroker-community-adapters/ioBroker.hue/master/io-package.json",
    "icon": "https://raw.githubusercontent.com/iobroker-community-adapters/ioBroker.hue/master/admin/hue.jpeg",
    "type": "lighting",
    "version": "1.2.3"
  },
  "ical": {
    "meta": "https://raw.githubusercontent.com/iobroker-community-adapters/ioBroker.ical/master/io-package.json",
    "icon": "https://raw.githubusercontent.com/iobroker-community-adapters/ioBroker.ical/master/admin/ical.png",
    "type": "date-and-time",
    "version": "1.7.0"
  },
  "icons-addictive-flavour-png": {
    "meta": "https://raw.githubusercontent.com/ioBroker/ioBroker.icons-addictive-flavour-png/master/io-package.json",
    "icon": "https://raw.githubusercontent.com/ioBroker/ioBroker.icons-addictive-flavour-png/master/admin/icons-addictive-flavour-png.png",
    "type": "visualization-icons",
    "version": "0.1.0"
  },
  "icons-fatcow-hosting": {
    "meta": "https://raw.githubusercontent.com/ioBroker/ioBroker.icons-fatcow-hosting/master/io-package.json",
    "icon": "https://raw.githubusercontent.com/ioBroker/ioBroker.icons-fatcow-hosting/master/admin/icons-fatcow-hosting.png",
    "type": "visualization-icons",
    "version": "0.1.0"
  },
  "icons-icons8": {
    "meta": "https://raw.githubusercontent.com/ioBroker/ioBroker.icons-icons8/master/io-package.json",
    "icon": "https://raw.githubusercontent.com/ioBroker/ioBroker.icons-icons8/master/admin/icons8.png",
    "type": "visualization-icons",
    "version": "0.0.1"
  },
  "icons-material-png": {
    "meta": "https://raw.githubusercontent.com/ioBroker/ioBroker.icons-material-png/master/io-package.json",
    "icon": "https://raw.githubusercontent.com/ioBroker/ioBroker.icons-material-png/master/admin/icons-material-png.png",
    "type": "visualization-icons",
    "version": "0.1.0"
  },
  "icons-material-svg": {
    "meta": "https://raw.githubusercontent.com/ioBroker/ioBroker.icons-material-svg/master/io-package.json",
    "icon": "https://raw.githubusercontent.com/ioBroker/ioBroker.icons-material-svg/master/admin/icons-material-svg.png",
    "type": "visualization-icons",
    "version": "0.1.0"
  },
  "icons-mfd-png": {
    "meta": "https://raw.githubusercontent.com/ioBroker/ioBroker.icons-mfd-png/master/io-package.json",
    "icon": "https://raw.githubusercontent.com/ioBroker/ioBroker.icons-mfd-png/master/admin/icons-mfd-png.png",
    "type": "visualization-icons",
    "version": "1.0.2"
  },
  "icons-mfd-svg": {
    "meta": "https://raw.githubusercontent.com/ioBroker/ioBroker.icons-mfd-svg/master/io-package.json",
    "icon": "https://raw.githubusercontent.com/ioBroker/ioBroker.icons-mfd-svg/master/admin/icons-mfd-svg.png",
    "type": "visualization-icons",
    "version": "1.0.2"
  },
  "icons-open-icon-library-png": {
    "meta": "https://raw.githubusercontent.com/ioBroker/ioBroker.icons-open-icon-library-png/master/io-package.json",
    "icon": "https://raw.githubusercontent.com/ioBroker/ioBroker.icons-open-icon-library-png/master/admin/icons-open-icon-library-png.png",
    "type": "visualization-icons",
    "version": "0.1.2"
  },
  "icons-ultimate-png": {
    "meta": "https://raw.githubusercontent.com/ioBroker/ioBroker.icons-ultimate-png/master/io-package.json",
    "icon": "https://raw.githubusercontent.com/ioBroker/ioBroker.icons-ultimate-png/master/admin/icons-ultimate-png.png",
    "type": "visualization-icons",
    "version": "1.0.1"
  },
  "influxdb": {
    "meta": "https://raw.githubusercontent.com/ioBroker/ioBroker.influxdb/master/io-package.json",
    "icon": "https://raw.githubusercontent.com/ioBroker/ioBroker.influxdb/master/admin/influxdb.png",
    "type": "storage",
    "version": "1.6.3"
  },
  "info": {
    "meta": "https://raw.githubusercontent.com/iobroker-community-adapters/ioBroker.info/master/io-package.json",
    "icon": "https://raw.githubusercontent.com/iobroker-community-adapters/ioBroker.info/master/admin/info.png",
    "type": "misc-data",
    "version": "1.4.3"
  },
  "innogy-smarthome": {
    "meta": "https://raw.githubusercontent.com/PArns/ioBroker.innogy-smarthome/master/io-package.json",
    "icon": "https://raw.githubusercontent.com/PArns/ioBroker.innogy-smarthome/master/admin/innogy-smarthome.png",
    "type": "iot-systems",
    "version": "0.3.3"
  },
  "iogo": {
    "meta": "https://raw.githubusercontent.com/nisiode/ioBroker.iogo/master/io-package.json",
    "icon": "https://raw.githubusercontent.com/nisiode/ioBroker.iogo/master/admin/iogo.png",
    "type": "visualization",
    "version": "0.3.4"
  },
  "iot": {
    "meta": "https://raw.githubusercontent.com/ioBroker/ioBroker.iot/master/io-package.json",
    "icon": "https://raw.githubusercontent.com/ioBroker/ioBroker.iot/master/admin/iot.png",
    "type": "communication",
    "version": "1.1.8"
  },
  "iqontrol": {
    "meta": "https://raw.githubusercontent.com/sbormann/ioBroker.iqontrol/master/io-package.json",
    "icon": "https://raw.githubusercontent.com/sbormann/ioBroker.iqontrol/master/admin/iqontrol.png",
    "type": "visualization",
    "version": "0.2.1"
  },
  "javascript": {
    "meta": "https://raw.githubusercontent.com/ioBroker/ioBroker.javascript/master/io-package.json",
    "icon": "https://raw.githubusercontent.com/ioBroker/ioBroker.javascript/master/admin/javascript.png",
    "type": "logic",
    "version": "4.1.12"
  },
  "jeelink": {
    "meta": "https://raw.githubusercontent.com/foxthefox/ioBroker.jeelink/master/io-package.json",
    "icon": "https://raw.githubusercontent.com/foxthefox/ioBroker.jeelink/master/admin/jeelab_logo.png",
    "type": "hardware",
    "version": "0.1.0"
  },
  "js-controller": {
    "meta": "https://raw.githubusercontent.com/ioBroker/ioBroker.js-controller/master/io-package.json",
    "type": "general",
    "version": "1.5.14"
  },
  "js2fs": {
    "meta": "https://raw.githubusercontent.com/soef/ioBroker.js2fs/master/io-package.json",
    "icon": "https://raw.githubusercontent.com/soef/ioBroker.js2fs/master/admin/js2fs.png",
    "type": "utility",
    "version": "0.1.3"
  },
  "kecontact": {
    "meta": "https://raw.githubusercontent.com/UncleSamSwiss/ioBroker.kecontact/master/io-package.json",
    "icon": "https://raw.githubusercontent.com/UncleSamSwiss/ioBroker.kecontact/master/admin/charger.png",
    "type": "hardware",
    "version": "0.1.0"
  },
  "klf200": {
    "meta": "https://raw.githubusercontent.com/MiSchroe/ioBroker.klf200/master/io-package.json",
    "icon": "https://raw.githubusercontent.com/MiSchroe/ioBroker.klf200/master/admin/klf200.png",
    "type": "hardware",
    "version": "0.9.5"
  },
  "km200": {
    "meta": "https://raw.githubusercontent.com/frankjoke/ioBroker.km200/master/io-package.json",
    "icon": "https://raw.githubusercontent.com/frankjoke/ioBroker.km200/master/admin/km200.png",
    "type": "climate-control",
    "version": "1.1.6"
  },
  "knx": {
    "meta": "https://raw.githubusercontent.com/ioBroker/ioBroker.knx/master/io-package.json",
    "icon": "https://raw.githubusercontent.com/ioBroker/ioBroker.knx/master/admin/knx.png",
    "type": "iot-systems",
    "version": "0.8.6"
  },
  "kodi": {
    "meta": "https://raw.githubusercontent.com/instalator/ioBroker.kodi/master/io-package.json",
    "icon": "https://raw.githubusercontent.com/instalator/ioBroker.kodi/master/admin/kodi.png",
    "type": "multimedia",
    "version": "1.0.0"
  },
  "kress": {
    "meta": "https://raw.githubusercontent.com/MeisterTR/ioBroker.kress/master/io-package.json",
    "icon": "https://raw.githubusercontent.com/MeisterTR/ioBroker.kress/master/admin/kress.png",
    "type": "garden",
    "version": "2.5.5"
  },
  "landroid": {
    "meta": "https://raw.githubusercontent.com/iobroker-community-adapters/ioBroker.landroid/master/io-package.json",
    "icon": "https://raw.githubusercontent.com/iobroker-community-adapters/ioBroker.landroid/master/admin/landroid.png",
    "type": "garden",
    "version": "1.0.3"
  },
  "lcn": {
    "meta": "https://raw.githubusercontent.com/ioBroker/ioBroker.lcn/master/io-package.json",
    "icon": "https://raw.githubusercontent.com/ioBroker/ioBroker.lcn/master/admin/lcn.png",
    "type": "iot-systems",
    "version": "0.3.2"
  },
  "lgtv": {
    "meta": "https://raw.githubusercontent.com/SebastianSchultz/ioBroker.lgtv/master/io-package.json",
    "icon": "https://raw.githubusercontent.com/SebastianSchultz/ioBroker.lgtv/master/admin/lgtv.png",
    "type": "multimedia",
    "version": "1.0.8"
  },
  "lgtv-rs": {
    "meta": "https://raw.githubusercontent.com/instalator/ioBroker.lgtv-rs/master/io-package.json",
    "icon": "https://raw.githubusercontent.com/instalator/ioBroker.lgtv-rs/master/admin/lg.png",
    "type": "multimedia",
    "version": "0.0.4"
  },
  "lgtv11": {
    "meta": "https://raw.githubusercontent.com/SebastianSchultz/ioBroker.lgtv11/master/io-package.json",
    "icon": "https://raw.githubusercontent.com/SebastianSchultz/ioBroker.lgtv11/master/admin/lgtv2011.png",
    "type": "multimedia",
    "version": "1.0.5"
  },
  "lifx": {
    "meta": "https://raw.githubusercontent.com/foxthefox/ioBroker.lifx/master/io-package.json",
    "icon": "https://raw.githubusercontent.com/foxthefox/ioBroker.lifx/master/admin/lifx_logo.png",
    "type": "lighting",
    "version": "0.0.5"
  },
  "lightify": {
    "meta": "https://raw.githubusercontent.com/soef/ioBroker.lightify/master/io-package.json",
    "icon": "https://raw.githubusercontent.com/soef/ioBroker.lightify/master/admin/lightify.png",
    "type": "lighting",
    "version": "0.2.16"
  },
  "link": {
    "meta": "https://raw.githubusercontent.com/ioBroker/ioBroker.link/master/io-package.json",
    "icon": "https://raw.githubusercontent.com/ioBroker/ioBroker.link/master/admin/link.png",
    "type": "communication",
    "version": "0.4.4"
  },
  "linkeddevices": {
    "meta": "https://raw.githubusercontent.com/Scrounger/ioBroker.linkeddevices/master/io-package.json",
    "icon": "https://raw.githubusercontent.com/Scrounger/ioBroker.linkeddevices/master/admin/linkeddevices.png",
    "type": "logic",
    "version": "1.0.0"
  },
  "loxone": {
    "meta": "https://raw.githubusercontent.com/UncleSamSwiss/ioBroker.loxone/master/io-package.json",
    "icon": "https://raw.githubusercontent.com/UncleSamSwiss/ioBroker.loxone/master/admin/loxone.png",
    "type": "iot-systems",
    "version": "1.0.0"
  },
  "luftdaten": {
    "meta": "https://raw.githubusercontent.com/klein0r/ioBroker.luftdaten/master/io-package.json",
    "icon": "https://raw.githubusercontent.com/klein0r/ioBroker.luftdaten/master/admin/luftdaten.png",
    "type": "weather",
    "version": "0.0.6"
  },
  "lupusec": {
    "meta": "https://raw.githubusercontent.com/schmupu/ioBroker.lupusec/master/io-package.json",
    "icon": "https://raw.githubusercontent.com/schmupu/ioBroker.lupusec/master/admin/lupusec.png",
    "type": "alarm",
    "version": "1.1.8"
  },
  "luxtronik1": {
    "meta": "https://raw.githubusercontent.com/forelleblau/ioBroker.luxtronik1/master/io-package.json",
    "icon": "https://raw.githubusercontent.com/forelleblau/ioBroker.luxtronik1/master/admin/luxtronik1.png",
    "type": "climate-control",
    "version": "0.0.7"
  },
  "maxcube": {
    "meta": "https://raw.githubusercontent.com/ioBroker/ioBroker.maxcube/master/io-package.json",
    "icon": "https://raw.githubusercontent.com/ioBroker/ioBroker.maxcube/master/admin/maxcube.png",
    "type": "climate-control",
    "version": "0.1.2"
  },
  "maxcul": {
    "meta": "https://raw.githubusercontent.com/ioBroker/ioBroker.maxcul/master/io-package.json",
    "icon": "https://raw.githubusercontent.com/ioBroker/ioBroker.maxcul/master/admin/maxcul.png",
    "type": "iot-systems",
    "version": "1.1.1"
  },
  "mbus": {
    "meta": "https://raw.githubusercontent.com/Apollon77/ioBroker.mbus/master/io-package.json",
    "icon": "https://raw.githubusercontent.com/Apollon77/ioBroker.mbus/master/admin/mbus.png",
    "type": "energy",
    "version": "1.1.1"
  },
  "megad": {
    "meta": "https://raw.githubusercontent.com/ioBroker/ioBroker.megad/master/io-package.json",
    "icon": "https://raw.githubusercontent.com/ioBroker/ioBroker.megad/master/admin/megad.png",
    "type": "hardware",
    "version": "1.2.1"
  },
  "megadd": {
    "meta": "https://raw.githubusercontent.com/ausHaus/ioBroker.megadd/master/io-package.json",
    "icon": "https://raw.githubusercontent.com/ausHaus/ioBroker.megadd/master/admin/megad.png",
    "type": "hardware",
    "version": "0.2.0"
  },
  "megaesp": {
    "meta": "https://raw.githubusercontent.com/ausHaus/ioBroker.megaesp/master/io-package.json",
    "icon": "https://raw.githubusercontent.com/ausHaus/ioBroker.megaesp/master/admin/megad.png",
    "type": "hardware",
    "version": "0.1.0"
  },
  "mercedesme": {
    "meta": "https://raw.githubusercontent.com/TA2k/ioBroker.mercedesme/master/io-package.json",
    "icon": "https://raw.githubusercontent.com/TA2k/ioBroker.mercedesme/master/admin/mercedesme.png",
    "type": "household",
    "version": "0.0.16"
  },
  "meross": {
    "meta": "https://raw.githubusercontent.com/Apollon77/ioBroker.meross/master/io-package.json",
    "icon": "https://raw.githubusercontent.com/Apollon77/ioBroker.meross/master/admin/meross.png",
    "type": "iot-systems",
    "version": "1.0.0"
  },
  "meteoalarm": {
    "meta": "https://raw.githubusercontent.com/jack-blackson/ioBroker.meteoalarm/master/io-package.json",
    "icon": "https://raw.githubusercontent.com/jack-blackson/ioBroker.meteoalarm/master/admin/meteoalarm.png",
    "type": "weather",
    "version": "1.0.5"
  },
  "miele": {
    "meta": "https://raw.githubusercontent.com/soef/ioBroker.miele/master/io-package.json",
    "icon": "https://raw.githubusercontent.com/soef/ioBroker.miele/master/admin/xmiele.png",
    "type": "household",
    "version": "0.1.5"
  },
  "mihome": {
    "meta": "https://raw.githubusercontent.com/ioBroker/ioBroker.mihome/master/io-package.json",
    "icon": "https://raw.githubusercontent.com/ioBroker/ioBroker.mihome/master/admin/mihome.png",
    "type": "iot-systems",
    "version": "1.2.5"
  },
  "mihome-lamp": {
    "meta": "https://raw.githubusercontent.com/MeisterTR/ioBroker.mihome-lamp/master/io-package.json",
    "icon": "https://raw.githubusercontent.com/MeisterTR/ioBroker.mihome-lamp/master/admin/mihome-lamp.png",
    "type": "lighting",
    "version": "1.1.0"
  },
  "mihome-plug": {
    "meta": "https://raw.githubusercontent.com/iobroker-community-adapters/ioBroker.mihome-plug/master/io-package.json",
    "icon": "https://raw.githubusercontent.com/iobroker-community-adapters/ioBroker.mihome-plug/master/admin/mihome-plug.png",
    "type": "hardware",
    "version": "0.2.0"
  },
  "mihome-vacuum": {
    "meta": "https://raw.githubusercontent.com/iobroker-community-adapters/ioBroker.mihome-vacuum/master/io-package.json",
    "icon": "https://raw.githubusercontent.com/iobroker-community-adapters/ioBroker.mihome-vacuum/master/admin/mihome-vacuum.png",
    "type": "household",
    "version": "1.1.5"
  },
  "mikrotik": {
    "meta": "https://raw.githubusercontent.com/instalator/ioBroker.mikrotik/master/io-package.json",
    "icon": "https://raw.githubusercontent.com/instalator/ioBroker.mikrotik/master/admin/mikrotik.png",
    "type": "hardware",
    "version": "1.0.4"
  },
  "milight": {
    "meta": "https://raw.githubusercontent.com/foxthefox/ioBroker.milight/master/io-package.json",
    "icon": "https://raw.githubusercontent.com/foxthefox/ioBroker.milight/master/admin/easybulb_logo.png",
    "type": "lighting",
    "version": "0.3.6"
  },
  "milight-smart-light": {
    "meta": "https://raw.githubusercontent.com/Steiger04/ioBroker.milight-smart-light/master/io-package.json",
    "icon": "https://raw.githubusercontent.com/Steiger04/ioBroker.milight-smart-light/master/admin/lib/images/milight-smart-light-md.png",
    "type": "lighting",
    "version": "0.2.7"
  },
  "mobile": {
    "meta": "https://raw.githubusercontent.com/ioBroker/ioBroker.mobile/master/io-package.json",
    "icon": "https://raw.githubusercontent.com/ioBroker/ioBroker.mobile/master/admin/mobile.png",
    "type": "visualization",
    "version": "0.5.0"
  },
  "modbus": {
    "meta": "https://raw.githubusercontent.com/ioBroker/ioBroker.modbus/master/io-package.json",
    "icon": "https://raw.githubusercontent.com/ioBroker/ioBroker.modbus/master/admin/modbus.png",
    "type": "protocols",
    "version": "2.0.9"
  },
  "moma": {
    "meta": "https://raw.githubusercontent.com/AWhiteKnight/ioBroker.moma/master/io-package.json",
    "icon": "https://raw.githubusercontent.com/AWhiteKnight/ioBroker.moma/master/admin/moma.png",
    "type": "general",
    "version": "1.1.1"
  },
  "mpd": {
    "meta": "https://raw.githubusercontent.com/instalator/ioBroker.mpd/master/io-package.json",
    "icon": "https://raw.githubusercontent.com/instalator/ioBroker.mpd/master/admin/mpd.png",
    "type": "multimedia",
    "version": "1.0.0"
  },
  "mqtt": {
    "meta": "https://raw.githubusercontent.com/ioBroker/ioBroker.mqtt/master/io-package.json",
    "icon": "https://raw.githubusercontent.com/ioBroker/ioBroker.mqtt/master/admin/mqtt.png",
    "type": "protocols",
    "version": "2.0.4"
  },
  "mqtt-client": {
    "meta": "https://raw.githubusercontent.com/Pmant/ioBroker.mqtt-client/master/io-package.json",
    "icon": "https://raw.githubusercontent.com/Pmant/ioBroker.mqtt-client/master/admin/mqtt-client.png",
    "type": "protocols",
    "version": "1.1.1"
  },
  "musiccast": {
    "meta": "https://raw.githubusercontent.com/foxthefox/ioBroker.musiccast/master/io-package.json",
    "icon": "https://raw.githubusercontent.com/foxthefox/ioBroker.musiccast/master/admin/musiccast.png",
    "type": "multimedia",
    "version": "0.0.8"
  },
  "mysensors": {
    "meta": "https://raw.githubusercontent.com/ioBroker/ioBroker.mysensors/master/io-package.json",
    "icon": "https://raw.githubusercontent.com/ioBroker/ioBroker.mysensors/master/admin/mysensors.png",
    "type": "iot-systems",
    "version": "1.2.2"
  },
  "nanoleaf-lightpanels": {
    "meta": "https://raw.githubusercontent.com/daniel-2k/ioBroker.nanoleaf-lightpanels/master/io-package.json",
    "icon": "https://raw.githubusercontent.com/daniel-2k/ioBroker.nanoleaf-lightpanels/master/admin/nanoleaf-lightpanels.png",
    "type": "lighting",
    "version": "0.8.1"
  },
  "nello": {
    "meta": "https://raw.githubusercontent.com/Zefau/ioBroker.nello/master/io-package.json",
    "icon": "https://raw.githubusercontent.com/Zefau/ioBroker.nello/master/admin/nello.png",
    "type": "hardware",
    "version": "2.0.6"
  },
  "netatmo": {
    "meta": "https://raw.githubusercontent.com/PArns/ioBroker.netatmo/master/io-package.json",
    "icon": "https://raw.githubusercontent.com/PArns/ioBroker.netatmo/master/admin/netatmo.png",
    "type": "weather",
    "version": "1.3.1"
  },
  "nibeuplink": {
    "meta": "https://raw.githubusercontent.com/sebilm/ioBroker.nibeuplink/master/io-package.json",
    "icon": "https://raw.githubusercontent.com/sebilm/ioBroker.nibeuplink/master/admin/nibeuplink.png",
    "type": "climate-control",
    "version": "0.2.2"
  },
  "nina": {
    "meta": "https://raw.githubusercontent.com/TA2k/ioBroker.nina/master/io-package.json",
    "icon": "https://raw.githubusercontent.com/TA2k/ioBroker.nina/master/admin/nina.png",
    "type": "misc-data",
    "version": "0.0.8"
  },
  "node-red": {
    "meta": "https://raw.githubusercontent.com/ioBroker/ioBroker.node-red/master/io-package.json",
    "icon": "https://raw.githubusercontent.com/ioBroker/ioBroker.node-red/master/admin/node-red.png",
    "type": "logic",
    "version": "1.9.0"
  },
  "nuki": {
    "meta": "https://raw.githubusercontent.com/smaragdschlange/ioBroker.nuki/master/io-package.json",
    "icon": "https://raw.githubusercontent.com/smaragdschlange/ioBroker.nuki/master/admin/nuki-logo.png",
    "type": "hardware",
    "version": "1.0.3"
  },
  "nuki2": {
    "meta": "https://raw.githubusercontent.com/Zefau/ioBroker.nuki2/master/io-package.json",
    "icon": "https://raw.githubusercontent.com/Zefau/ioBroker.nuki2/master/admin/nuki-logo.png",
    "type": "hardware",
    "version": "1.0.4"
  },
  "nut": {
    "meta": "https://raw.githubusercontent.com/Apollon77/ioBroker.nut/master/io-package.json",
    "icon": "https://raw.githubusercontent.com/Apollon77/ioBroker.nut/master/admin/nut.png",
    "type": "hardware",
    "version": "1.1.3"
  },
  "oilfox": {
    "meta": "https://raw.githubusercontent.com/iobroker-community-adapters/ioBroker.oilfox/master/io-package.json",
    "icon": "https://raw.githubusercontent.com/iobroker-community-adapters/ioBroker.oilfox/master/admin/oilfox.png",
    "type": "hardware",
    "version": "0.0.5"
  },
  "onkyo": {
    "meta": "https://raw.githubusercontent.com/ioBroker/ioBroker.onkyo/master/io-package.json",
    "icon": "https://raw.githubusercontent.com/ioBroker/ioBroker.onkyo/master/admin/onkyo.png",
    "type": "multimedia",
    "version": "2.0.2"
  },
  "onvif": {
    "meta": "https://raw.githubusercontent.com/Haba1234/ioBroker.onvif/master/io-package.json",
    "icon": "https://raw.githubusercontent.com/Haba1234/ioBroker.onvif/master/admin/onvif.png",
    "type": "infrastructure",
    "version": "0.0.2"
  },
  "openhab": {
    "meta": "https://raw.githubusercontent.com/iobroker-community-adapters/ioBroker.openhab/master/io-package.json",
    "icon": "https://raw.githubusercontent.com/iobroker-community-adapters/ioBroker.openhab/master/admin/openhab.png",
    "type": "iot-systems",
    "version": "1.1.0"
  },
  "openweathermap": {
    "meta": "https://raw.githubusercontent.com/ioBroker/ioBroker.openweathermap/master/io-package.json",
    "icon": "https://raw.githubusercontent.com/ioBroker/ioBroker.openweathermap/master/admin/openweathermap.png",
    "type": "weather",
    "version": "0.1.0"
  },
  "opi": {
    "meta": "https://raw.githubusercontent.com/iobroker-community-adapters/ioBroker.opi/master/io-package.json",
    "icon": "https://raw.githubusercontent.com/iobroker-community-adapters/ioBroker.opi/master/admin/opi.png",
    "type": "hardware",
    "version": "0.1.1"
  },
  "oppoplayer": {
    "meta": "https://raw.githubusercontent.com/volkerrichert/ioBroker.oppoplayer/master/io-package.json",
    "icon": "https://raw.githubusercontent.com/volkerrichert/ioBroker.oppoplayer/master/admin/oppoplayer.png",
    "type": "multimedia",
    "version": "0.2.1"
  },
  "owfs": {
    "meta": "https://raw.githubusercontent.com/ioBroker/ioBroker.owfs/master/io-package.json",
    "icon": "https://raw.githubusercontent.com/ioBroker/ioBroker.owfs/master/admin/owfs.png",
    "type": "hardware",
    "version": "0.6.1"
  },
  "owntracks": {
    "meta": "https://raw.githubusercontent.com/iobroker-community-adapters/ioBroker.owntracks/master/io-package.json",
    "icon": "https://raw.githubusercontent.com/iobroker-community-adapters/ioBroker.owntracks/master/admin/owntracks.png",
    "type": "geoposition",
    "version": "0.6.2"
  },
  "panasonic-viera": {
    "meta": "https://raw.githubusercontent.com/iobroker-community-adapters/ioBroker.panasonic-viera/master/io-package.json",
    "icon": "https://raw.githubusercontent.com/iobroker-community-adapters/ioBroker.panasonic-viera/master/admin/panasonic-viera.png",
    "type": "multimedia",
    "version": "1.0.2"
  },
  "parser": {
    "meta": "https://raw.githubusercontent.com/ioBroker/ioBroker.parser/master/io-package.json",
    "icon": "https://raw.githubusercontent.com/ioBroker/ioBroker.parser/master/admin/parser.png",
    "type": "logic",
    "version": "1.0.7"
  },
  "paw": {
    "meta": "https://raw.githubusercontent.com/bondrogeen/ioBroker.paw/master/io-package.json",
    "icon": "https://raw.githubusercontent.com/bondrogeen/ioBroker.paw/master/admin/paw.png",
    "type": "hardware",
    "version": "0.0.7"
  },
  "phantomjs": {
    "meta": "https://raw.githubusercontent.com/ioBroker/ioBroker.phantomjs/master/io-package.json",
    "icon": "https://raw.githubusercontent.com/ioBroker/ioBroker.phantomjs/master/admin/phantomjs.png",
    "type": "utility",
    "version": "1.0.1"
  },
  "pi-hole": {
    "meta": "https://raw.githubusercontent.com/unltdnetworx/ioBroker.pi-hole/master/io-package.json",
    "icon": "https://raw.githubusercontent.com/unltdnetworx/ioBroker.pi-hole/master/admin/pi-hole.png",
    "type": "network",
    "version": "1.2.1"
  },
  "piface": {
    "meta": "https://raw.githubusercontent.com/eisbaeeer/ioBroker.piface/master/io-package.json",
    "icon": "https://raw.githubusercontent.com/eisbaeeer/ioBroker.piface/master/admin/piface.png",
    "type": "hardware",
    "version": "1.0.0"
  },
  "pimatic": {
    "meta": "https://raw.githubusercontent.com/ioBroker/ioBroker.pimatic/master/io-package.json",
    "icon": "https://raw.githubusercontent.com/ioBroker/ioBroker.pimatic/master/admin/pimatic.png",
    "type": "iot-systems",
    "version": "0.1.5"
  },
  "ping": {
    "meta": "https://raw.githubusercontent.com/ioBroker/ioBroker.ping/master/io-package.json",
    "icon": "https://raw.githubusercontent.com/ioBroker/ioBroker.ping/master/admin/ping.png",
    "type": "network",
    "version": "1.3.2"
  },
  "places": {
    "meta": "https://raw.githubusercontent.com/iobroker-community-adapters/ioBroker.places/master/io-package.json",
    "icon": "https://raw.githubusercontent.com/iobroker-community-adapters/ioBroker.places/master/admin/places.png",
    "type": "geoposition",
    "version": "0.7.0"
  },
  "plex": {
    "meta": "https://raw.githubusercontent.com/Zefau/ioBroker.plex/master/io-package.json",
    "icon": "https://raw.githubusercontent.com/Zefau/ioBroker.plex/master/admin/plex.jpg",
    "type": "multimedia",
    "version": "0.3.1"
  },
  "plexconnect": {
    "meta": "https://raw.githubusercontent.com/eisbaeeer/ioBroker.plexconnect/master/io-package.json",
    "icon": "https://raw.githubusercontent.com/eisbaeeer/ioBroker.plexconnect/master/admin/plex-logo.png",
    "type": "multimedia",
    "version": "0.0.7"
  },
  "pollenflug": {
    "meta": "https://raw.githubusercontent.com/schmupu/ioBroker.pollenflug/master/io-package.json",
    "icon": "https://raw.githubusercontent.com/schmupu/ioBroker.pollenflug/master/admin/pollenflug.png",
    "type": "weather",
    "version": "1.0.3"
  },
  "proxmox": {
    "meta": "https://raw.githubusercontent.com/iobroker-community-adapters/ioBroker.proxmox/master/io-package.json",
    "icon": "https://raw.githubusercontent.com/iobroker-community-adapters/ioBroker.proxmox/master/admin/logo.png",
    "type": "infrastructure",
    "version": "0.3.2"
  },
  "proxy": {
    "meta": "https://raw.githubusercontent.com/ioBroker/ioBroker.proxy/master/io-package.json",
    "icon": "https://raw.githubusercontent.com/ioBroker/ioBroker.proxy/master/admin/proxy.png",
    "type": "network",
    "version": "1.1.1"
  },
  "pushbullet": {
    "meta": "https://raw.githubusercontent.com/Jens1809/ioBroker.pushbullet/master/io-package.json",
    "icon": "https://raw.githubusercontent.com/Jens1809/ioBroker.pushbullet/master/admin/pushbullet.png",
    "type": "messaging",
    "version": "0.0.11"
  },
  "pushover": {
    "meta": "https://raw.githubusercontent.com/ioBroker/ioBroker.pushover/master/io-package.json",
    "icon": "https://raw.githubusercontent.com/ioBroker/ioBroker.pushover/master/admin/pushover.png",
    "type": "messaging",
    "version": "1.0.4"
  },
  "pushsafer": {
    "meta": "https://raw.githubusercontent.com/ioBroker/ioBroker.pushsafer/master/io-package.json",
    "icon": "https://raw.githubusercontent.com/ioBroker/ioBroker.pushsafer/master/admin/pushsafer.png",
    "type": "messaging",
    "version": "0.1.8"
  },
  "radar2": {
    "meta": "https://raw.githubusercontent.com/frankjoke/ioBroker.radar2/master/io-package.json",
    "icon": "https://raw.githubusercontent.com/frankjoke/ioBroker.radar2/master/admin/radar2.png",
    "type": "network",
    "version": "1.0.3"
  },
  "rflink": {
    "meta": "https://raw.githubusercontent.com/ioBroker/ioBroker.rflink/master/io-package.json",
    "icon": "https://raw.githubusercontent.com/ioBroker/ioBroker.rflink/master/admin/rflink.png",
    "type": "iot-systems",
    "version": "1.2.0"
  },
  "rickshaw": {
    "meta": "https://raw.githubusercontent.com/ioBroker/ioBroker.rickshaw/master/io-package.json",
    "icon": "https://raw.githubusercontent.com/ioBroker/ioBroker.rickshaw/master/admin/rickshaw.png",
    "type": "visualization",
    "version": "1.0.0"
  },
  "ring": {
    "meta": "https://raw.githubusercontent.com/schmupu/ioBroker.ring/master/io-package.json",
    "icon": "https://raw.githubusercontent.com/schmupu/ioBroker.ring/master/admin/ring.png",
    "type": "hardware",
    "version": "1.0.4"
  },
  "roomba": {
    "meta": "https://raw.githubusercontent.com/Zefau/ioBroker.roomba/master/io-package.json",
    "icon": "https://raw.githubusercontent.com/Zefau/ioBroker.roomba/master/admin/roomba.png",
    "type": "household",
    "version": "1.0.7"
  },
  "rpi2": {
    "meta": "https://raw.githubusercontent.com/iobroker-community-adapters/ioBroker.rpi2/master/io-package.json",
    "icon": "https://raw.githubusercontent.com/iobroker-community-adapters/ioBroker.rpi2/master/admin/rpi.png",
    "type": "hardware",
    "version": "1.1.1"
  },
  "s7": {
    "meta": "https://raw.githubusercontent.com/ioBroker/ioBroker.s7/master/io-package.json",
    "icon": "https://raw.githubusercontent.com/ioBroker/ioBroker.s7/master/admin/S7.png",
    "type": "iot-systems",
    "version": "1.1.4"
  },
  "samsung": {
    "meta": "https://raw.githubusercontent.com/soef/ioBroker.samsung/master/io-package.json",
    "icon": "https://raw.githubusercontent.com/soef/ioBroker.samsung/master/admin/samsung.png",
    "type": "multimedia",
    "version": "0.2.9"
  },
  "sayit": {
    "meta": "https://raw.githubusercontent.com/ioBroker/ioBroker.sayit/master/io-package.json",
    "icon": "https://raw.githubusercontent.com/ioBroker/ioBroker.sayit/master/admin/sayit.png",
    "type": "multimedia",
    "version": "1.7.0"
  },
  "sbfspot": {
    "meta": "https://raw.githubusercontent.com/rg-engineering/ioBroker.sbfspot/master/io-package.json",
    "icon": "https://raw.githubusercontent.com/rg-engineering/ioBroker.sbfspot/master/admin/sbfspot.png",
    "type": "hardware",
    "version": "2.3.2"
  },
  "scenes": {
    "meta": "https://raw.githubusercontent.com/ioBroker/ioBroker.scenes/master/io-package.json",
    "icon": "https://raw.githubusercontent.com/ioBroker/ioBroker.scenes/master/admin/scenes.png",
    "type": "logic",
    "version": "1.1.0"
  },
  "schoolfree": {
    "meta": "https://raw.githubusercontent.com/simatec/ioBroker.schoolfree/master/io-package.json",
    "icon": "https://raw.githubusercontent.com/simatec/ioBroker.schoolfree/master/admin/schoolfree.png",
    "type": "date-and-time",
    "version": "0.2.2"
  },
  "shelly": {
    "meta": "https://raw.githubusercontent.com/schmupu/ioBroker.shelly/master/io-package.json",
    "icon": "https://raw.githubusercontent.com/schmupu/ioBroker.shelly/master/admin/shelly.png",
    "type": "iot-systems",
    "version": "3.0.8"
  },
  "sia": {
    "meta": "https://raw.githubusercontent.com/schmupu/ioBroker.sia/master/io-package.json",
    "icon": "https://raw.githubusercontent.com/schmupu/ioBroker.sia/master/admin/sia.png",
    "type": "alarm",
    "version": "1.0.3"
  },
  "siegenia": {
    "meta": "https://raw.githubusercontent.com/Apollon77/ioBroker.siegenia/master/io-package.json",
    "icon": "https://raw.githubusercontent.com/Apollon77/ioBroker.siegenia/master/admin/siegenia.png",
    "type": "climate-control",
    "version": "1.0.0"
  },
  "simple-api": {
    "meta": "https://raw.githubusercontent.com/ioBroker/ioBroker.simple-api/master/io-package.json",
    "icon": "https://raw.githubusercontent.com/ioBroker/ioBroker.simple-api/master/admin/simple-api.png",
    "type": "communication",
    "version": "2.1.1"
  },
  "smappee": {
    "meta": "https://raw.githubusercontent.com/forelleblau/ioBroker.smappee/master/io-package.json",
    "icon": "https://raw.githubusercontent.com/forelleblau/ioBroker.smappee/master/admin/smappee.png",
    "type": "energy",
    "version": "0.2.2"
  },
  "smartmeter": {
    "meta": "https://raw.githubusercontent.com/Apollon77/ioBroker.smartmeter/master/io-package.json",
    "icon": "https://raw.githubusercontent.com/Apollon77/ioBroker.smartmeter/master/admin/smartmeter.png",
    "type": "energy",
    "version": "1.2.1"
  },
  "snips": {
    "meta": "https://raw.githubusercontent.com/unltdnetworx/ioBroker.snips/master/io-package.json",
    "icon": "https://raw.githubusercontent.com/unltdnetworx/ioBroker.snips/master/admin/snips.png",
    "type": "iot-systems",
    "version": "1.5.0"
  },
  "snmp": {
    "meta": "https://raw.githubusercontent.com/ctjaeger/ioBroker.snmp/master/io-package.json",
    "icon": "https://raw.githubusercontent.com/ctjaeger/ioBroker.snmp/master/admin/snmp.png",
    "type": "infrastructure",
    "version": "0.5.0"
  },
  "socketio": {
    "meta": "https://raw.githubusercontent.com/ioBroker/ioBroker.socketio/master/io-package.json",
    "icon": "https://raw.githubusercontent.com/ioBroker/ioBroker.socketio/master/admin/socketio.png",
    "type": "communication",
    "version": "2.1.1"
  },
  "solarlog": {
    "meta": "https://raw.githubusercontent.com/forelleblau/ioBroker.solarlog/master/io-package.json",
    "icon": "https://raw.githubusercontent.com/forelleblau/ioBroker.solarlog/master/admin/solarlog.png",
    "type": "energy",
    "version": "0.1.5"
  },
  "solarwetter": {
    "meta": "https://raw.githubusercontent.com/Pix---/ioBroker.solarwetter/master/io-package.json",
    "icon": "https://raw.githubusercontent.com/Pix---/ioBroker.solarwetter/master/admin/solarwetter.png",
    "type": "weather",
    "version": "1.0.0"
  },
  "sonnen": {
    "meta": "https://raw.githubusercontent.com/foxriver76/ioBroker.sonnen/master/io-package.json",
    "icon": "https://raw.githubusercontent.com/foxriver76/ioBroker.sonnen/master/admin/sonnen.png",
    "type": "energy",
    "version": "1.3.0"
  },
  "sonoff": {
    "meta": "https://raw.githubusercontent.com/ioBroker/ioBroker.sonoff/master/io-package.json",
    "icon": "https://raw.githubusercontent.com/ioBroker/ioBroker.sonoff/master/admin/sonoff.png",
    "type": "lighting",
    "version": "2.2.2"
  },
  "sonos": {
    "meta": "https://raw.githubusercontent.com/ioBroker/ioBroker.sonos/master/io-package.json",
    "icon": "https://raw.githubusercontent.com/ioBroker/ioBroker.sonos/master/admin/sonos.png",
    "type": "multimedia",
    "version": "1.7.7"
  },
  "sony-bravia": {
    "meta": "https://raw.githubusercontent.com/iobroker-community-adapters/ioBroker.sony-bravia/master/io-package.json",
    "icon": "https://raw.githubusercontent.com/iobroker-community-adapters/ioBroker.sony-bravia/master/admin/sony-bravia.png",
    "type": "multimedia",
    "version": "1.0.1"
  },
  "spotify-premium": {
    "meta": "https://raw.githubusercontent.com/twonky4/ioBroker.spotify-premium/master/io-package.json",
    "icon": "https://raw.githubusercontent.com/twonky4/ioBroker.spotify-premium/master/admin/spotify-premium.png",
    "type": "multimedia",
    "version": "1.0.0"
  },
  "sql": {
    "meta": "https://raw.githubusercontent.com/ioBroker/ioBroker.sql/master/io-package.json",
    "icon": "https://raw.githubusercontent.com/ioBroker/ioBroker.sql/master/admin/sql.png",
    "type": "storage",
    "version": "1.9.4"
  },
  "squeezebox": {
    "meta": "https://raw.githubusercontent.com/UncleSamSwiss/ioBroker.squeezebox/master/io-package.json",
    "icon": "https://raw.githubusercontent.com/UncleSamSwiss/ioBroker.squeezebox/master/admin/squeezebox.png",
    "type": "multimedia",
    "version": "1.0.0"
  },
  "starline": {
    "meta": "https://raw.githubusercontent.com/instalator/ioBroker.starline/master/io-package.json",
    "icon": "https://raw.githubusercontent.com/instalator/ioBroker.starline/master/admin/starline.png",
    "type": "alarm",
    "version": "1.0.0"
  },
  "statistics": {
    "meta": "https://raw.githubusercontent.com/foxthefox/ioBroker.statistics/master/io-package.json",
    "icon": "https://raw.githubusercontent.com/foxthefox/ioBroker.statistics/master/admin/statistics.png",
    "type": "misc-data",
    "version": "0.2.0"
  },
  "stiebel-isg": {
    "meta": "https://raw.githubusercontent.com/unltdnetworx/ioBroker.stiebel-isg/master/io-package.json",
    "icon": "https://raw.githubusercontent.com/unltdnetworx/ioBroker.stiebel-isg/master/admin/stiebel-isg.png",
    "type": "climate-control",
    "version": "1.4.7"
  },
  "systeminfo": {
    "meta": "https://raw.githubusercontent.com/frankjoke/ioBroker.systeminfo/master/io-package.json",
    "icon": "https://raw.githubusercontent.com/frankjoke/ioBroker.systeminfo/master/admin/systeminfo.png",
    "type": "misc-data",
    "version": "0.2.2"
  },
  "tankerkoenig": {
    "meta": "https://raw.githubusercontent.com/Pix---/ioBroker.tankerkoenig/master/io-package.json",
    "icon": "https://raw.githubusercontent.com/Pix---/ioBroker.tankerkoenig/master/admin/tankerkoenig.png",
    "type": "misc-data",
    "version": "2.0.5"
  },
  "telegram": {
    "meta": "https://raw.githubusercontent.com/iobroker-community-adapters/ioBroker.telegram/master/io-package.json",
    "icon": "https://raw.githubusercontent.com/iobroker-community-adapters/ioBroker.telegram/master/admin/telegram.png",
    "type": "messaging",
    "version": "1.4.3"
  },
  "terminal": {
    "meta": "https://raw.githubusercontent.com/ioBroker/ioBroker.terminal/master/io-package.json",
    "icon": "https://raw.githubusercontent.com/ioBroker/ioBroker.terminal/master/admin/terminal.png",
    "type": "utility",
    "version": "0.1.2"
  },
  "text2command": {
    "meta": "https://raw.githubusercontent.com/ioBroker/ioBroker.text2command/master/io-package.json",
    "icon": "https://raw.githubusercontent.com/ioBroker/ioBroker.text2command/master/admin/text2command.png",
    "type": "logic",
    "version": "1.2.5"
  },
  "tr-064": {
    "meta": "https://raw.githubusercontent.com/soef/ioBroker.tr-064/master/io-package.json",
    "icon": "https://raw.githubusercontent.com/soef/ioBroker.tr-064/master/admin/tr-064.png",
    "type": "infrastructure",
    "version": "0.4.14"
  },
  "tradfri": {
    "meta": "https://raw.githubusercontent.com/AlCalzone/ioBroker.tradfri/master/io-package.json",
    "icon": "https://raw.githubusercontent.com/AlCalzone/ioBroker.tradfri/master/admin/tradfri.png",
    "type": "lighting",
    "version": "2.2.0"
  },
  "tunnelbroker-endpoint-updater": {
    "meta": "https://raw.githubusercontent.com/PowerPan/ioBroker.tunnelbroker-endpoint-updater/master/io-package.json",
    "icon": "https://raw.githubusercontent.com/PowerPan/ioBroker.tunnelbroker-endpoint-updater/master/admin/tunnelbroker-endpoint-updater.png",
    "type": "network",
    "version": "0.0.1"
  },
  "tuya": {
    "meta": "https://raw.githubusercontent.com/Apollon77/ioBroker.tuya/master/io-package.json",
    "icon": "https://raw.githubusercontent.com/Apollon77/ioBroker.tuya/master/admin/tuya.png",
    "type": "iot-systems",
    "version": "2.0.3"
  },
  "tvspielfilm": {
    "meta": "https://raw.githubusercontent.com/Pix---/ioBroker.tvspielfilm/master/io-package.json",
    "icon": "https://raw.githubusercontent.com/Pix---/ioBroker.tvspielfilm/master/admin/tvspielfilm.png",
    "type": "misc-data",
    "version": "1.0.4"
  },
  "unifi": {
    "meta": "https://raw.githubusercontent.com/jens-maus/ioBroker.unifi/master/io-package.json",
    "icon": "https://raw.githubusercontent.com/jens-maus/ioBroker.unifi/master/admin/unifi.png",
    "type": "network",
    "version": "0.3.1"
  },
  "upnp": {
    "meta": "https://raw.githubusercontent.com/iobroker-community-adapters/ioBroker.upnp/master/io-package.json",
    "icon": "https://raw.githubusercontent.com/iobroker-community-adapters/ioBroker.upnp/master/admin/upnp.png",
    "type": "network",
    "version": "1.0.11"
  },
  "valloxmv": {
    "meta": "https://raw.githubusercontent.com/hacki11/ioBroker.valloxmv/master/io-package.json",
    "icon": "https://raw.githubusercontent.com/hacki11/ioBroker.valloxmv/master/admin/valloxmv.png",
    "type": "climate-control",
    "version": "1.0.0"
  },
  "vcard": {
    "meta": "https://raw.githubusercontent.com/hometm/ioBroker.vcard/master/io-package.json",
    "icon": "https://raw.githubusercontent.com/hometm/ioBroker.vcard/master/admin/vcard.png",
    "type": "misc-data",
    "version": "0.0.9"
  },
  "viessmann": {
    "meta": "https://raw.githubusercontent.com/misanorot/ioBroker.viessmann/master/io-package.json",
    "icon": "https://raw.githubusercontent.com/misanorot/ioBroker.viessmann/master/admin/viessmann.png",
    "type": "climate-control",
    "version": "1.2.0"
  },
  "virtualpowermeter": {
    "meta": "https://raw.githubusercontent.com/Omega236/ioBroker.virtualpowermeter/master/io-package.json",
    "icon": "https://raw.githubusercontent.com/Omega236/ioBroker.virtualpowermeter/master/admin/virtualpowermeter.png",
    "type": "energy",
    "version": "1.0.0"
  },
  "vis": {
    "meta": "https://raw.githubusercontent.com/ioBroker/ioBroker.vis/master/io-package.json",
    "icon": "https://raw.githubusercontent.com/ioBroker/ioBroker.vis/master/admin/vis.png",
    "type": "visualization",
    "version": "1.1.10"
  },
  "vis-bars": {
    "meta": "https://raw.githubusercontent.com/ioBroker/ioBroker.vis-bars/master/io-package.json",
    "icon": "https://raw.githubusercontent.com/ioBroker/ioBroker.vis-bars/master/admin/bars.png",
    "type": "visualization-widgets",
    "version": "0.1.4"
  },
  "vis-canvas-gauges": {
    "meta": "https://raw.githubusercontent.com/ioBroker/ioBroker.vis-canvas-gauges/master/io-package.json",
    "icon": "https://raw.githubusercontent.com/ioBroker/ioBroker.vis-canvas-gauges/master/admin/vis-canvas-gauges.png",
    "type": "visualization-widgets",
    "version": "0.1.5"
  },
  "vis-colorpicker": {
    "meta": "https://raw.githubusercontent.com/ioBroker/ioBroker.vis-colorpicker/master/io-package.json",
    "icon": "https://raw.githubusercontent.com/ioBroker/ioBroker.vis-colorpicker/master/admin/colorpicker.png",
    "type": "visualization-widgets",
    "version": "1.1.1"
  },
  "vis-fancyswitch": {
    "meta": "https://raw.githubusercontent.com/ioBroker/ioBroker.vis-fancyswitch/master/io-package.json",
    "icon": "https://raw.githubusercontent.com/ioBroker/ioBroker.vis-fancyswitch/master/admin/fancyswitch.png",
    "type": "visualization-widgets",
    "version": "1.1.0"
  },
  "vis-google-fonts": {
    "meta": "https://raw.githubusercontent.com/ioBroker/ioBroker.vis-google-fonts/master/io-package.json",
    "icon": "https://raw.githubusercontent.com/ioBroker/ioBroker.vis-google-fonts/master/admin/vis-google-fonts.png",
    "type": "visualization-widgets",
    "version": "0.1.0"
  },
  "vis-history": {
    "meta": "https://raw.githubusercontent.com/ioBroker/ioBroker.vis-history/master/io-package.json",
    "icon": "https://raw.githubusercontent.com/ioBroker/ioBroker.vis-history/master/admin/vis-history.png",
    "type": "visualization-widgets",
    "version": "0.2.7"
  },
  "vis-hqwidgets": {
    "meta": "https://raw.githubusercontent.com/ioBroker/ioBroker.vis-hqwidgets/master/io-package.json",
    "icon": "https://raw.githubusercontent.com/ioBroker/ioBroker.vis-hqwidgets/master/admin/hqwidgets.png",
    "type": "visualization-widgets",
    "version": "1.1.2"
  },
  "vis-jqui-mfd": {
    "meta": "https://raw.githubusercontent.com/ioBroker/ioBroker.vis-jqui-mfd/master/io-package.json",
    "icon": "https://raw.githubusercontent.com/ioBroker/ioBroker.vis-jqui-mfd/master/admin/jqui-mfd.png",
    "type": "visualization-widgets",
    "version": "1.0.12"
  },
  "vis-justgage": {
    "meta": "https://raw.githubusercontent.com/Pmant/ioBroker.vis-justgage/master/io-package.json",
    "icon": "https://raw.githubusercontent.com/Pmant/ioBroker.vis-justgage/master/admin/justgage.png",
    "type": "visualization-widgets",
    "version": "1.0.0"
  },
  "vis-keyboard": {
    "meta": "https://raw.githubusercontent.com/ioBroker/ioBroker.vis-keyboard/master/io-package.json",
    "icon": "https://raw.githubusercontent.com/ioBroker/ioBroker.vis-keyboard/master/admin/keyboard.png",
    "type": "visualization-widgets",
    "version": "0.0.2"
  },
  "vis-lcars": {
    "meta": "https://raw.githubusercontent.com/ioBroker/ioBroker.vis-lcars/master/io-package.json",
    "icon": "https://raw.githubusercontent.com/ioBroker/ioBroker.vis-lcars/master/admin/lcars.png",
    "type": "visualization-widgets",
    "version": "1.0.4"
  },
  "vis-map": {
    "meta": "https://raw.githubusercontent.com/ioBroker/ioBroker.vis-map/master/io-package.json",
    "icon": "https://raw.githubusercontent.com/ioBroker/ioBroker.vis-map/master/admin/vis-map.png",
    "type": "visualization-widgets",
    "version": "1.0.2"
  },
  "vis-metro": {
    "meta": "https://raw.githubusercontent.com/ioBroker/ioBroker.vis-metro/master/io-package.json",
    "icon": "https://raw.githubusercontent.com/ioBroker/ioBroker.vis-metro/master/admin/metro.png",
    "type": "visualization-widgets",
    "version": "1.1.2"
  },
  "vis-players": {
    "meta": "https://raw.githubusercontent.com/instalator/ioBroker.vis-players/master/io-package.json",
    "icon": "https://raw.githubusercontent.com/instalator/ioBroker.vis-players/master/admin/players.png",
    "type": "visualization-widgets",
    "version": "0.1.5"
  },
  "vis-plumb": {
    "meta": "https://raw.githubusercontent.com/ioBroker/ioBroker.vis-plumb/master/io-package.json",
    "icon": "https://raw.githubusercontent.com/ioBroker/ioBroker.vis-plumb/master/admin/plumb.png",
    "type": "visualization-widgets",
    "version": "1.0.1"
  },
  "vis-rgraph": {
    "meta": "https://raw.githubusercontent.com/ioBroker/ioBroker.vis-rgraph/master/io-package.json",
    "icon": "https://raw.githubusercontent.com/ioBroker/ioBroker.vis-rgraph/master/admin/rgraph.png",
    "type": "visualization-widgets",
    "version": "0.0.2"
  },
  "vis-timeandweather": {
    "meta": "https://raw.githubusercontent.com/ioBroker/ioBroker.vis-timeandweather/master/io-package.json",
    "icon": "https://raw.githubusercontent.com/ioBroker/ioBroker.vis-timeandweather/master/admin/timeandweather.png",
    "type": "visualization-widgets",
    "version": "1.1.7"
  },
  "vis-weather": {
    "meta": "https://raw.githubusercontent.com/rg-engineering/ioBroker.vis-weather/master/io-package.json",
    "icon": "https://raw.githubusercontent.com/rg-engineering/ioBroker.vis-weather/master/admin/vis-weather.png",
    "type": "visualization-widgets",
    "version": "2.3.0"
  },
  "vr200": {
    "meta": "https://raw.githubusercontent.com/Eisbaeeer/ioBroker.vr200/master/io-package.json",
    "icon": "https://raw.githubusercontent.com/Eisbaeeer/ioBroker.vr200/master/admin/VR200.png",
    "type": "household",
    "version": "1.0.0"
  },
  "weatherunderground": {
    "meta": "https://raw.githubusercontent.com/dschaedl/ioBroker.weatherunderground/master/io-package.json",
    "icon": "https://raw.githubusercontent.com/dschaedl/ioBroker.weatherunderground/master/admin/wu.png",
    "type": "weather",
    "version": "3.1.1"
  },
  "web": {
    "meta": "https://raw.githubusercontent.com/ioBroker/ioBroker.web/master/io-package.json",
    "icon": "https://raw.githubusercontent.com/ioBroker/ioBroker.web/master/admin/web.png",
    "type": "general",
    "version": "2.4.1"
  },
  "wetty": {
    "meta": "https://raw.githubusercontent.com/ioBroker/ioBroker.wetty/master/io-package.json",
    "icon": "https://raw.githubusercontent.com/ioBroker/ioBroker.wetty/master/admin/wetty.png",
    "type": "utility",
    "version": "0.1.1"
  },
  "wiffi-wz": {
    "meta": "https://raw.githubusercontent.com/t4qjXH8N/ioBroker.wiffi-wz/master/io-package.json",
    "icon": "https://raw.githubusercontent.com/t4qjXH8N/ioBroker.wiffi-wz/master/admin/wiffi-wz.png",
    "type": "hardware",
    "version": "2.1.4"
  },
  "wifilight": {
    "meta": "https://raw.githubusercontent.com/soef/ioBroker.wifilight/master/io-package.json",
    "icon": "https://raw.githubusercontent.com/soef/ioBroker.wifilight/master/admin/wifilight.png",
    "type": "lighting",
    "version": "0.2.0"
  },
  "wm-bus": {
    "meta": "https://raw.githubusercontent.com/soef/ioBroker.wm-bus/master/io-package.json",
    "icon": "https://raw.githubusercontent.com/soef/ioBroker.wm-bus/master/admin/wm-bus.png",
    "type": "protocols",
    "version": "0.1.12"
  },
  "wolf": {
    "meta": "https://raw.githubusercontent.com/ioBroker/ioBroker.wolf/master/io-package.json",
    "icon": "https://raw.githubusercontent.com/ioBroker/ioBroker.wolf/master/admin/wolf_logo.png",
    "type": "climate-control",
    "version": "0.9.2"
  },
  "worx": {
    "meta": "https://raw.githubusercontent.com/MeisterTR/ioBroker.worx/master/io-package.json",
    "icon": "https://raw.githubusercontent.com/MeisterTR/ioBroker.worx/master/admin/worx.png",
    "type": "garden",
    "version": "0.3.1"
  },
  "xbox": {
    "meta": "https://raw.githubusercontent.com/foxriver76/ioBroker.xbox/master/io-package.json",
    "icon": "https://raw.githubusercontent.com/foxriver76/ioBroker.xbox/master/admin/xbox.png",
    "type": "multimedia",
    "version": "0.5.7"
  },
  "xs1": {
    "meta": "https://raw.githubusercontent.com/frankjoke/ioBroker.xs1/master/io-package.json",
    "icon": "https://raw.githubusercontent.com/frankjoke/ioBroker.xs1/master/admin/xs1.png",
    "type": "iot-systems",
    "version": "1.0.2"
  },
  "yahka": {
    "meta": "https://raw.githubusercontent.com/jensweigele/ioBroker.yahka/master/io-package.json",
    "icon": "https://raw.githubusercontent.com/jensweigele/ioBroker.yahka/master/admin/yahka.png",
    "type": "iot-systems",
    "version": "0.7.1"
  },
  "yamaha": {
    "meta": "https://raw.githubusercontent.com/soef/ioBroker.yamaha/master/io-package.json",
    "icon": "https://raw.githubusercontent.com/soef/ioBroker.yamaha/master/admin/yamaha.png",
    "type": "multimedia",
    "version": "0.3.19"
  },
  "yeelight-2": {
    "meta": "https://raw.githubusercontent.com/MeisterTR/ioBroker.yeelight-2/master/io-package.json",
    "icon": "https://raw.githubusercontent.com/MeisterTR/ioBroker.yeelight-2/master/admin/yeelight.png",
    "type": "lighting",
    "version": "1.0.0"
  },
  "yr": {
    "meta": "https://raw.githubusercontent.com/ioBroker/ioBroker.yr/master/io-package.json",
    "icon": "https://raw.githubusercontent.com/ioBroker/ioBroker.yr/master/admin/yr.png",
    "type": "weather",
    "version": "2.0.3"
  },
  "zigbee": {
    "meta": "https://raw.githubusercontent.com/ioBroker/ioBroker.zigbee/master/io-package.json",
    "icon": "https://raw.githubusercontent.com/ioBroker/ioBroker.zigbee/master/admin/zigbee.png",
    "type": "hardware",
    "version": "0.10.2"
  },
  "zont": {
    "meta": "https://raw.githubusercontent.com/kirovilya/ioBroker.zont/master/io-package.json",
    "icon": "https://raw.githubusercontent.com/kirovilya/ioBroker.zont/master/admin/zont.png",
    "type": "climate-control",
    "version": "0.5.3"
  },
  "zwave": {
    "meta": "https://raw.githubusercontent.com/ioBroker/ioBroker.zwave/master/io-package.json",
    "icon": "https://raw.githubusercontent.com/ioBroker/ioBroker.zwave/master/admin/zwave.png",
    "type": "hardware",
    "version": "1.4.2"
  }
}
