{
  "name": "iobroker.local",
  "private": true,
  "description": "Cache all packets for ioBroker",
  "version": "1.0.0",
  "author": {
    "name": "bluefox",
    "email": "dogafox@gmail.com"
  },
  "dependencies": {
    "iobroker": "*",
    "node-gyp": "*",
    "iobroker.discovery": "*",
    "iobroker.js-controller": "*",
    "iobroker.admin": "*",
    "iobroker.web": "*",
    "iobroker.fullcalendar": "*",
    "iobroker.icons-icons8": "*",
    "iobroker.vis": "*",
    "iobroker.vis-hqwidgets": "*",
    "iobroker.vis-bars": "*",
    "iobroker.vis-canvas-gauges": "*",
    "iobroker.vis-colorpicker": "*",
    "iobroker.vis-fancyswitch": "*",
    "iobroker.vis-google-fonts": "*",
    "iobroker.vis-history": "*",
    "iobroker.vis-jqui-mfd": "*",
    "iobroker.vis-justgage": "*",
    "iobroker.vis-keyboard": "*",
    "iobroker.vis-lcars": "*",
    "iobroker.vis-map": "*",
    "iobroker.vis-metro": "*",
    "iobroker.vis-plumb": "*",
    "iobroker.vis-rgraph": "*",
    "iobroker.vis-timeandweather": "*",
    "iobroker.weatherunderground": "*",
    "iobroker.wm-bus": "*",
    "iobroker.yr": "*",
    "iobroker.sql": "*",
    "iobroker.history": "*",
    "iobroker.flot": "*",
    "iobroker.javascript": "*",
    "iobroker.ping": "*",
    "iobroker.socketio": "*",
    "iobroker.parser": "*",
    "iobroker.proxy": "*",
    "iobroker.rickshaw": "*",
    "iobroker.text2command": "*",
    "iobroker.sayit": "*",
    "iobroker.simple-api": "*",
    "iobroker.scenes": "*",
    "iobroker.modbus": "*",
    "iobroker.node-red": "*",
    "iobroker.mqtt": "*",
    "iobroker.mqtt-client": "*",
    "iobroker.s7": "*"
  }
}